ID,Name,StudyHours,Attendance,Marks,Grade,Performance,Performance_Score
9,Student_9,6.4,66,43.6,D,Medium,40.64
12,Student_12,9.7,65,50.5,D,Medium,45.239999999999995
13,Student_13,8.5,55,,D,Low,
14,Student_14,2.9,57,52.1,D,Low,43.239999999999995
16,Student_16,2.7,67,45.8,D,Low,41.419999999999995
23,Student_23,3.6,75,,D,Low,
25,Student_25,5.1,81,49.1,D,Medium,46.68
32,Student_32,2.5,70,45.3,D,Low,41.67999999999999
34,Student_34,9.5,56,47.7,D,Low,41.72
38,Student_38,1.9,58,42.2,D,Low,37.300000000000004
42,Student_42,5.5,99,45.3,D,Medium,48.08
54,Student_54,9.1,63,52.5,D,Medium,45.92
56,Student_56,9.3,73,47.0,D,Medium,44.66
64,Student_64,4.2,89,44.9,D,Medium,45.58
66,Student_66,5.9,72,50.4,D,Medium,45.82
72,Student_72,2.8,78,48.0,D,Low,44.96
78,Student_78,1.7,65,50.5,D,Low,43.64
81,Student_81,8.8,93,48.8,D,High,49.63999999999999
83,Student_83,4.0,84,,D,Medium,
84,Student_84,1.6,91,41.5,D,Low,43.419999999999995
85,Student_85,3.8,83,48.1,D,Low,46.22
93,Student_93,7.8,88,46.3,D,High,46.94
95,Student_95,7.9,78,53.0,D,Medium,48.98
98,Student_98,4.8,93,49.1,D,Medium,49.02
99,Student_99,1.2,65,43.7,D,Low,39.46
101,Student_101,1.3,96,,D,Low,
102,Student_102,6.7,59,43.5,D,Low,39.24
104,Student_104,5.6,74,43.5,D,Medium,42.019999999999996
107,Student_107,4.7,54,54.4,D,Low,44.379999999999995
108,Student_108,7.8,50,48.5,D,Low,40.66
109,Student_109,3.1,79,47.3,D,Low,44.8
111,Student_111,3.6,52,46.1,D,Low,38.78
113,Student_113,9.4,63,43.7,D,Medium,40.70000000000001
122,Student_122,9.1,95,47.8,D,High,49.49999999999999
125,Student_125,3.1,64,51.7,D,Low,44.44
131,Student_131,4.8,86,40.7,D,Medium,42.580000000000005
134,Student_134,4.0,88,41.2,D,Medium,43.120000000000005
137,Student_137,5.7,60,,D,Medium,
139,Student_139,4.3,83,52.9,D,Medium,49.2
140,Student_140,9.7,74,40.7,D,Medium,41.16
141,Student_141,9.7,56,,D,Low,
146,Student_146,1.3,100,46.6,D,Low,48.22
150,Student_150,3.5,92,45.9,D,Low,46.64
152,Student_152,3.2,75,49.0,D,Low,45.04
157,Student_157,7.0,54,,D,Low,
168,Student_168,2.7,99,42.3,D,Low,45.72
175,Student_175,6.8,87,,D,High,
176,Student_176,2.6,62,44.0,D,Low,39.32
177,Student_177,7.2,96,,D,High,
178,Student_178,4.5,74,49.0,D,Medium,45.1
182,Student_182,2.0,86,42.5,D,Low,43.1
183,Student_183,9.3,83,45.1,D,High,45.519999999999996
185,Student_185,3.3,90,44.3,D,Low,45.239999999999995
186,Student_186,6.9,52,44.3,D,Low,38.36
187,Student_187,8.4,77,40.7,D,Medium,41.5
195,Student_195,4.1,58,51.1,D,Low,43.080000000000005
196,Student_196,4.1,64,50.4,D,Medium,43.86
197,Student_197,7.5,89,45.9,D,High,46.84
198,Student_198,9.1,74,,D,Medium,
201,Student_201,6.8,83,41.3,D,High,42.739999999999995
202,Student_202,1.8,73,44.9,D,Low,41.9
208,Student_208,7.0,75,52.3,D,Medium,47.779999999999994
209,Student_209,1.0,67,47.3,D,Low,41.980000000000004
214,Student_214,3.0,77,42.5,D,Low,41.5
218,Student_218,7.7,99,,D,High,
224,Student_224,4.3,52,47.7,D,Low,39.88
227,Student_227,9.8,89,53.5,D,High,51.86000000000001
233,Student_233,6.2,73,54.4,D,Medium,48.480000000000004
234,Student_234,5.4,68,47.3,D,Medium,43.06
235,Student_235,2.8,65,,D,Low,
250,Student_250,8.7,54,50.6,D,Low,42.9
254,Student_254,3.9,80,42.6,D,Low,42.34
255,Student_255,2.5,72,49.9,D,Low,44.839999999999996
256,Student_256,6.0,91,47.9,D,High,48.14
259,Student_259,6.1,92,52.8,D,High,51.3
272,Student_272,8.3,81,49.6,D,High,47.61999999999999
274,Student_274,9.2,95,40.6,D,High,45.2
275,Student_275,5.6,76,54.8,D,Medium,49.199999999999996
278,Student_278,6.8,66,46.0,D,Medium,42.16
281,Student_281,9.0,83,52.2,D,High,49.72
285,Student_285,6.2,97,51.3,D,High,51.42
289,Student_289,3.6,56,40.3,D,Low,36.099999999999994
291,Student_291,1.3,90,42.1,D,Low,43.52
293,Student_293,8.4,83,52.1,D,High,49.54
297,Student_297,7.9,86,48.9,D,High,48.11999999999999
309,Student_309,8.2,71,40.2,D,Medium,39.96
313,Student_313,1.2,71,45.6,D,Low,41.800000000000004
317,Student_317,4.7,63,43.9,D,Medium,39.879999999999995
327,Student_327,6.0,82,44.6,D,High,44.36000000000001
328,Student_328,6.5,55,43.5,D,Low,38.39999999999999
335,Student_335,1.4,75,48.8,D,Low,44.56
338,Student_338,7.3,83,45.3,D,High,45.24
339,Student_339,5.3,78,53.2,D,Medium,48.580000000000005
348,Student_348,1.4,78,47.1,D,Low,44.14
354,Student_354,2.5,69,51.1,D,Low,44.96
357,Student_357,1.2,76,41.6,D,Low,40.400000000000006
358,Student_358,6.3,52,41.5,D,Low,36.559999999999995
368,Student_368,9.1,55,51.2,D,Low,43.54
372,Student_372,1.2,50,48.0,D,Low,39.04
373,Student_373,1.8,87,44.8,D,Low,44.64
379,Student_379,8.3,73,49.5,D,Medium,45.959999999999994
381,Student_381,2.1,67,48.1,D,Low,42.68
385,Student_385,7.6,76,44.1,D,Medium,43.18000000000001
386,Student_386,8.2,57,43.4,D,Low,39.08
389,Student_389,7.8,66,54.8,D,Medium,47.64
396,Student_396,9.4,56,43.9,D,Low,39.42
398,Student_398,4.9,78,42.0,D,Medium,41.779999999999994
399,Student_399,7.8,93,43.8,D,High,46.44
401,Student_401,1.9,52,,D,Low,
406,Student_406,9.1,79,41.3,D,Medium,42.4
411,Student_411,3.9,69,43.1,D,Low,40.44
418,Student_418,4.0,73,51.9,D,Medium,46.53999999999999
421,Student_421,8.1,62,,D,Medium,
424,Student_424,5.4,70,46.8,D,Medium,43.16
425,Student_425,1.5,67,49.1,D,Low,43.16
426,Student_426,5.9,79,53.5,D,Medium,49.080000000000005
428,Student_428,9.0,95,,D,High,
431,Student_431,2.3,87,46.9,D,Low,46.0
434,Student_434,1.9,94,44.1,D,Low,45.64000000000001
437,Student_437,1.7,87,44.9,D,Low,44.68000000000001
440,Student_440,1.7,60,49.9,D,Low,42.28
448,Student_448,7.8,81,43.7,D,High,43.980000000000004
452,Student_452,6.0,77,,D,Medium,
454,Student_454,9.2,82,52.1,D,High,49.5
456,Student_456,5.4,89,49.9,D,Medium,48.81999999999999
460,Student_460,2.1,51,52.3,D,Low,42.0
464,Student_464,6.3,62,54.3,D,Medium,46.239999999999995
468,Student_468,8.8,75,41.6,D,Medium,41.72
469,Student_469,3.0,71,43.9,D,Low,41.14
471,Student_471,1.1,51,,D,Low,
474,Student_474,9.0,75,46.3,D,Medium,44.58
480,Student_480,5.7,93,52.2,D,Medium,51.06
490,Student_490,9.0,80,49.5,D,High,47.5
498,Student_498,1.7,77,48.4,D,Low,44.78
499,Student_499,9.8,69,52.1,D,Medium,47.02
500,Student_500,9.9,96,51.1,D,High,51.839999999999996
503,Student_503,3.8,69,49.1,D,Low,44.02
506,Student_506,2.5,55,45.0,D,Low,38.5
515,Student_515,1.4,61,50.0,D,Low,42.480000000000004
518,Student_518,8.3,62,49.7,D,Medium,43.879999999999995
519,Student_519,9.9,74,40.8,D,Medium,41.26
523,Student_523,9.7,95,,D,High,
524,Student_524,8.6,85,44.8,D,High,45.599999999999994
526,Student_526,5.2,57,51.2,D,Low,43.16
536,Student_536,9.5,86,,D,High,
539,Student_539,5.1,52,50.4,D,Low,41.660000000000004
542,Student_542,6.5,100,46.0,D,High,48.89999999999999
543,Student_543,3.1,84,54.4,D,Low,50.059999999999995
544,Student_544,7.0,78,48.5,D,Medium,46.1
555,Student_555,8.9,86,47.6,D,High,47.54
559,Student_559,7.8,69,44.2,D,Medium,41.88
560,Student_560,6.6,73,50.5,D,Medium,46.22
562,Student_562,2.9,98,53.6,D,Low,52.339999999999996
568,Student_568,4.9,85,,D,Medium,
569,Student_569,9.1,51,52.8,D,Low,43.699999999999996
570,Student_570,4.1,64,42.0,D,Medium,38.82
577,Student_577,2.3,100,,D,Low,
582,Student_582,9.8,89,46.7,D,High,47.78
589,Student_589,2.2,85,46.6,D,Low,45.4
591,Student_591,2.2,79,42.5,D,Low,41.739999999999995
600,Student_600,1.4,87,41.1,D,Low,42.34
607,Student_607,2.9,69,46.8,D,Low,42.459999999999994
610,Student_610,7.2,55,45.8,D,Low,39.919999999999995
611,Student_611,1.4,66,54.5,D,Low,46.18
612,Student_612,8.2,74,,D,Medium,
619,Student_619,8.3,89,,D,High,
624,Student_624,5.4,96,,D,Medium,
625,Student_625,6.6,80,51.1,D,High,47.98
626,Student_626,4.3,60,44.7,D,Medium,39.68
627,Student_627,5.2,59,54.4,D,Low,45.48
629,Student_629,1.3,63,42.1,D,Low,38.12
632,Student_632,9.1,78,,D,Medium,
633,Student_633,5.6,59,,D,Low,
634,Student_634,5.8,61,43.8,D,Medium,39.63999999999999
637,Student_637,5.8,50,46.9,D,Low,39.3
638,Student_638,3.2,54,45.6,D,Low,38.8
651,Student_651,1.8,86,,D,Low,
656,Student_656,2.1,96,54.2,D,Low,52.14000000000001
658,Student_658,4.3,55,46.3,D,Low,39.64
659,Student_659,6.8,93,,D,High,
667,Student_667,3.2,75,44.3,D,Low,42.22
668,Student_668,2.4,78,,D,Low,
671,Student_671,2.6,55,42.7,D,Low,37.14000000000001
672,Student_672,9.1,86,48.4,D,High,48.059999999999995
674,Student_674,5.7,82,,D,Medium,
677,Student_677,2.0,63,51.8,D,Low,44.08
680,Student_680,8.8,69,52.4,D,Medium,46.99999999999999
682,Student_682,3.3,73,40.3,D,Low,39.44
683,Student_683,2.5,92,40.5,D,Low,43.2
684,Student_684,7.0,83,53.1,D,High,49.86
685,Student_685,9.4,74,42.2,D,Medium,42.00000000000001
686,Student_686,6.0,99,46.5,D,High,48.900000000000006
691,Student_691,3.9,92,,D,Low,
694,Student_694,3.2,93,45.2,D,Low,46.36
696,Student_696,6.5,69,46.8,D,Medium,43.17999999999999
698,Student_698,6.2,94,,D,High,
703,Student_703,4.0,99,47.9,D,Medium,49.339999999999996
715,Student_715,4.1,50,40.1,D,Low,34.88
717,Student_717,8.5,92,43.1,D,High,45.96000000000001
719,Student_719,2.1,79,43.6,D,Low,42.38
722,Student_722,2.6,66,46.9,D,Low,41.86
725,Student_725,6.2,96,,D,High,
726,Student_726,8.6,89,47.3,D,High,47.9
729,Student_729,2.8,76,,D,Low,
730,Student_730,2.5,57,44.8,D,Low,38.78
737,Student_737,4.5,80,40.6,D,Medium,41.26
743,Student_743,7.7,75,47.2,D,Medium,44.86
745,Student_745,3.1,51,44.0,D,Low,37.22
747,Student_747,4.5,55,48.5,D,Low,40.99999999999999
748,Student_748,5.9,58,40.7,D,Low,37.2
753,Student_753,6.6,62,42.6,D,Medium,39.28
754,Student_754,4.0,58,47.4,D,Low,40.839999999999996
779,Student_779,7.5,70,50.0,D,Medium,45.5
781,Student_781,7.2,50,48.6,D,Low,40.599999999999994
784,Student_784,4.1,64,49.3,D,Medium,43.199999999999996
785,Student_785,2.6,70,41.5,D,Low,39.42
789,Student_789,5.2,82,44.3,D,Medium,44.02
795,Student_795,1.2,87,53.1,D,Low,49.50000000000001
799,Student_799,7.3,57,48.4,D,Low,41.9
801,Student_801,7.4,63,41.7,D,Medium,39.1
805,Student_805,4.8,58,42.3,D,Low,37.940000000000005
806,Student_806,7.6,52,41.9,D,Low,37.06
808,Student_808,9.3,75,49.6,D,Medium,46.62
809,Student_809,5.1,57,41.4,D,Low,37.260000000000005
814,Student_814,9.3,78,47.0,D,Medium,45.66
819,Student_819,1.5,83,,D,Low,
827,Student_827,4.1,97,49.2,D,Medium,49.74
828,Student_828,4.1,72,,D,Medium,
832,Student_832,5.1,93,,D,Medium,
835,Student_835,5.5,70,51.7,D,Medium,46.12
836,Student_836,4.8,72,43.5,D,Medium,41.46
843,Student_843,2.6,60,48.4,D,Low,41.56
850,Student_850,6.4,68,,D,Medium,
853,Student_853,2.9,53,52.1,D,Low,42.44
855,Student_855,2.8,95,42.4,D,Low,45.0
858,Student_858,5.2,96,53.7,D,Medium,52.46
864,Student_864,5.0,85,47.8,D,Medium,46.67999999999999
866,Student_866,6.0,67,47.5,D,Medium,43.1
871,Student_871,4.4,75,48.9,D,Medium,45.22
876,Student_876,2.4,80,,D,Low,
879,Student_879,1.2,88,52.2,D,Low,49.160000000000004
889,Student_889,1.9,56,,D,Low,
892,Student_892,8.7,94,52.0,D,High,51.74
893,Student_893,8.5,91,46.6,D,High,47.86
898,Student_898,9.1,71,43.7,D,Medium,42.24
904,Student_904,6.2,59,41.1,D,Low,37.7
906,Student_906,9.0,91,,D,High,
909,Student_909,3.3,65,48.1,D,Low,42.519999999999996
911,Student_911,6.3,75,,D,Medium,
914,Student_914,4.7,53,52.6,D,Low,43.099999999999994
916,Student_916,4.9,73,40.5,D,Medium,39.88
917,Student_917,3.7,68,,D,Low,
921,Student_921,8.8,74,40.9,D,Medium,41.1
923,Student_923,9.1,68,,D,Medium,
925,Student_925,4.8,59,,D,Low,
929,Student_929,6.7,96,,D,High,
932,Student_932,8.5,93,45.3,D,High,47.480000000000004
934,Student_934,5.7,82,44.7,D,Medium,44.36
937,Student_937,1.2,71,44.0,D,Low,40.84
939,Student_939,2.1,86,46.7,D,Low,45.64
942,Student_942,6.0,77,44.3,D,Medium,43.18
946,Student_946,1.1,59,44.6,D,Low,38.78
950,Student_950,6.4,74,43.0,D,Medium,41.88
951,Student_951,6.4,51,,D,Low,
954,Student_954,9.2,70,53.9,D,Medium,48.17999999999999
962,Student_962,6.4,88,53.6,D,High,51.04
968,Student_968,3.7,87,47.4,D,Low,46.580000000000005
972,Student_972,9.4,94,,D,High,
974,Student_974,2.9,85,44.3,D,Low,44.16
976,Student_976,3.4,86,54.5,D,Low,50.57999999999999
982,Student_982,7.9,82,48.6,D,High,47.14
987,Student_987,7.2,62,,D,Medium,
989,Student_989,3.2,51,43.3,D,Low,36.82
992,Student_992,7.3,76,40.0,D,Medium,40.660000000000004
994,Student_994,6.3,70,42.8,D,Medium,40.93999999999999
997,Student_997,9.3,57,43.8,D,Low,39.54
999,Student_999,9.6,52,40.2,D,Low,36.440000000000005
1000,Student_1000,5.0,93,54.8,D,Medium,52.48
